Date,Positive,Volume,Players
2021-07-01,0.6190476190476191,142,0.0
2021-07-02,0.6385542168674698,212,0.0
2021-07-03,0.5531914893617021,269,0.0
2021-07-04,0.5555555555555556,120,0.0
2021-07-05,0.4444444444444444,241,0.0
2021-07-06,0.6176470588235294,149,0.0
2021-07-07,0.5378151260504201,367,0.0
2021-07-08,0.48514851485148514,320,0.0
2021-07-09,0.4946236559139785,269,0.0
2021-07-10,0.5512820512820513,216,0.0
2021-07-11,0.37272727272727274,369,0.0
2021-07-12,0.4264705882352941,193,0.0
2021-07-13,0.5384615384615384,282,0.0
2021-07-14,0.5182926829268293,513,0.0
2021-07-15,0.7564102564102564,918,0.0
2021-07-16,0.483739837398374,583,0.0
2021-07-17,0.4898989898989899,584,0.0
2021-07-18,0.5658263305322129,927,0.0
2021-07-19,0.4474169741697417,3752,0.0
2021-07-20,0.41451709658068386,8232,0.0
2021-07-21,0.4584654407102093,9620,0.0
2021-07-22,0.5096090125911199,8331,0.0
2021-07-23,0.5241610738255034,8217,0.0
2021-07-24,0.48416608022519353,8601,0.0
2021-07-25,0.5157116451016636,7992,0.0
2021-07-26,0.5,8681,0.0
2021-07-27,0.5503458877786318,7089,0.0
2021-07-28,0.5236263736263737,8394,0.0
2021-07-29,0.49850746268656715,7952,0.0
2021-07-30,0.5096602265156562,6722,0.0
2021-07-31,0.519036519036519,5312,0.0
2021-08-01,0.5295031055900621,5746,0.0
2021-08-02,0.5221288515406163,7776,0.0
2021-08-03,0.5576800509878904,7214,0.0
2021-08-04,0.5051316376617582,10091,0.0
2021-08-05,0.5095541401273885,7157,0.0
2021-08-06,0.5578231292517006,4734,0.0
2021-08-07,0.5264084507042254,3849,0.0
2021-08-08,0.5586816720257235,3786,0.0
2021-08-09,0.5792682926829268,4612,0.0
2021-08-10,0.5610236220472441,3210,0.0
2021-08-11,0.5455212922173275,3898,0.0
2021-08-12,0.5624012638230648,3591,0.0
2021-08-13,0.582014987510408,3558,0.0
2021-08-14,0.5224856909239575,3335,0.0
2021-08-15,0.5995475113122172,3822,0.0
2021-08-16,0.5088555858310627,5390,0.0
2021-08-17,0.5593667546174143,3158,0.0
2021-08-18,0.5848126232741617,2789,0.0
2021-08-19,0.5412457912457912,3159,0.0
2021-08-20,0.5872093023255814,2223,0.0
2021-08-21,0.577373211963589,2131,0.0
2021-08-22,0.5439153439153439,2118,0.0
2021-08-23,0.5573505654281099,1890,0.0
2021-08-24,0.5633687653311529,2675,0.0
2021-08-25,0.5131459655485041,3272,0.0
2021-08-26,0.5689119170984456,2758,0.0
2021-08-27,0.5045871559633027,2547,0.0
2021-08-28,0.5570032573289903,1607,0.0
2021-08-29,0.5412979351032449,1863,0.0
2021-08-30,0.5696629213483146,2482,0.0
2021-08-31,0.4957191780821918,3186,0.0
2021-09-01,0.5455621301775148,2100,0.0
2021-09-02,0.5881188118811881,1662,0.0
2021-09-03,0.5461065573770492,3433,0.0
2021-09-04,0.6056338028169014,1480,0.0
2021-09-05,0.5485996705107083,1549,0.0
2021-09-06,0.5643564356435643,2091,0.0
2021-09-07,0.5250403877221325,1613,0.0
2021-09-08,0.49942857142857144,2318,0.0
2021-09-09,0.44675788221296847,8421,0.0
2021-09-10,0.46791666666666665,10500,0.0
2021-09-11,0.4678456591639871,6393,0.0
2021-09-12,0.5036045314109165,8343,0.0
2021-09-13,0.5263157894736842,9315,0.0
2021-09-14,0.5573227302849569,6861,0.0
2021-09-15,0.5478841870824054,6088,0.0
2021-09-16,0.5520487264673312,6503,0.0
2021-09-17,0.5573430202387131,6939,0.0
2021-09-18,0.5224806201550387,4006,0.0
2021-09-19,0.5677603423680456,4480,0.0
2021-09-20,0.5543175487465181,6096,0.0
2021-09-21,0.562480025567274,7626,0.0
2021-09-22,0.5138496325607688,7558,0.0
2021-09-23,0.5322475570032573,6219,0.0
2021-09-24,0.4422780913288866,9354,0.0
2021-09-25,0.5557324840764332,5120,0.0
2021-09-26,0.47522935779816516,7273,0.0
2021-09-27,0.3656133197417601,12572,15451.0
2021-09-28,0.4283629997081996,28655,707230.0
2021-09-29,0.4112873478421247,22742,734496.0
2021-09-30,0.46710377571783857,23740,758543.0
2021-10-01,0.45509822263797944,16820,801642.0
2021-10-02,0.43288854003139715,16831,865329.0
2021-10-03,0.46050670640834573,18424,913634.0
2021-10-04,0.49016446307642697,20935,790682.0
2021-10-05,0.4867924528301887,19786,745337.0
2021-10-06,0.465666474321985,27065,739529.0
2021-10-07,0.5013996889580093,22295,654415.0
2021-10-08,0.44595448798988624,20429,640956.0
2021-10-09,0.4708349218452154,17749,680520.0
2021-10-10,0.48439262880782247,18030,727333.0
2021-10-11,0.4893048128342246,17950,664233.0
2021-10-12,0.4485085227272727,19595,607446.0
2021-10-13,0.4391058581706064,28020,521790.0
2021-10-14,0.4694694694694695,20754,555907.0
2021-10-15,0.49174664107485605,18699,543706.0
2021-10-16,0.46331156358048403,18847,586895.0
2021-10-17,0.485805535841022,18301,609137.0
2021-10-18,0.48046875,20597,515683.0
2021-10-19,0.4762064343163539,20649,478838.0
2021-10-20,0.4736255572065379,19268,470559.0
2021-10-21,0.4682139253279516,20584,471328.0
2021-10-22,0.4765625,17555,453385.0
2021-10-23,0.4239864864864865,13996,486464.0
2021-10-24,0.45191489361702125,15653,506623.0
2021-10-25,0.4559726962457338,18710,426889.0
2021-10-26,0.45779334500875657,16774,399951.0
2021-10-27,0.44996619337390126,18643,377147.0
2021-10-28,0.42166855417138543,19721,377676.0
2021-10-29,0.43297437801708133,17390,372611.0
2021-10-30,0.501978021978022,12606,398638.0
2021-10-31,0.4431475903614458,14630,404689.0
2021-11-01,0.42599171107164,23493,359960.0
2021-11-02,0.4654556283502085,24960,303184.0
2021-11-03,0.4141483516483517,19028,315467.0
2021-11-04,0.46709916589434664,19625,294669.0
2021-11-05,0.46790540540540543,12041,285336.0
2021-11-06,0.4455047714716223,11047,298826.0
2021-11-07,0.4478728377746611,9939,307146.0
2021-11-08,0.4464751958224543,12275,258195.0
2021-11-09,0.4456654456654457,11956,244320.0
2021-11-10,0.44595645412130636,13966,234235.0
2021-11-11,0.4872508113120074,13142,237454.0
2021-11-12,0.43185920577617326,10904,226631.0
2021-11-13,0.47588832487309646,7650,238022.0
2021-11-14,0.4612546125461255,6809,248323.0
2021-11-15,0.4225296442687747,13264,196047.0
2021-11-16,0.44067177802117563,13818,177542.0
2021-11-17,0.45863570391872277,11514,188768.0
2021-11-18,0.44954848841774636,16650,207090.0
2021-11-19,0.4223021582733813,15813,193127.0
2021-11-20,0.4158512720156556,11039,194674.0
2021-11-21,0.4641350210970464,7725,196093.0
2021-11-22,0.4410499139414802,10676,175862.0
2021-11-23,0.42725173210161665,13316,169465.0
2021-11-24,0.41710231516056756,13843,125934.0
2021-11-25,0.4758974358974359,8819,154264.0
2021-11-26,0.4896182183523108,6055,159197.0
2021-11-27,0.4361210877373012,7617,159939.0
2021-11-28,0.49041255084253343,7062,177572.0
2021-11-29,0.44248291571753984,8159,145906.0
2021-11-30,0.45883777239709445,6895,139996.0
2021-12-01,0.43540455967814035,11282,136887.0
2021-12-02,0.46890862944162437,6146,132026.0
2021-12-03,0.45829823083403537,19381,131874.0
2021-12-04,0.5009199632014719,9741,139286.0
2021-12-05,0.49642857142857144,7310,145362.0
2021-12-06,0.464264619019492,7542,127772.0
2021-12-07,0.5025278058645096,8793,101396.0
2021-12-08,0.4869631901840491,5377,119135.0
2021-12-09,0.44156752974107766,5704,112204.0
2021-12-10,0.47801814375436147,5254,111700.0
2021-12-11,0.46114432109308284,4519,118153.0
2021-12-12,0.4649368863955119,4802,122808.0
2021-12-13,0.47178186429930247,5387,106778.0
2021-12-14,0.456071076011846,4039,104364.0
2021-12-15,0.447459584295612,7091,98664.0
2021-12-16,0.4692982456140351,6208,118635.0
2021-12-17,0.47267565649396737,6208,111651.0
2021-12-18,0.44815148782687103,4096,119182.0
2021-12-19,0.467524115755627,5005,124192.0
2021-12-20,0.5276280323450134,5662,116611.0
2021-12-21,0.4789515488482923,5178,114486.0
2021-12-22,0.5316725978647687,5013,111506.0
2021-12-23,0.46324655436447165,4148,109349.0
2021-12-24,0.47035573122529645,3850,90479.0
2021-12-25,0.4834384858044164,3740,98483.0
2021-12-26,0.49220103986135183,3783,114609.0
2021-12-27,0.5136842105263157,5333,115743.0
2021-12-28,0.5523049645390071,3871,114328.0
2021-12-29,0.4793388429752066,4054,113348.0
2021-12-30,0.5202063628546861,4170,112688.0
2021-12-31,0.516750418760469,4237,97026.0
2022-01-01,0.4889908256880734,3604,114946.0
2022-01-02,0.4779693486590038,3309,117504.0
2022-01-03,0.49015748031496065,3508,109256.0
2022-01-04,0.4923413566739606,5068,103703.0
2022-01-05,0.49955396966993754,3725,101554.0
2022-01-06,0.48633879781420764,5461,101543.0
2022-01-07,0.4959409594095941,5297,101027.0
2022-01-08,0.4703296703296703,3316,108032.0
2022-01-09,0.46178861788617886,4159,109344.0
2022-01-10,0.5101449275362319,3670,96143.0
2022-01-11,0.5038240917782026,3592,90873.0
2022-01-12,0.46528403967538323,4443,87698.0
2022-01-13,0.44855072463768114,5239,86191.0
2022-01-14,0.5023923444976076,3086,88943.0
2022-01-15,0.48905109489051096,2734,94357.0
2022-01-16,0.48253968253968255,2745,97840.0
2022-01-17,0.43451776649746193,3382,90845.0
2022-01-18,0.49740034662045063,3500,83854.0
2022-01-19,0.46569468267581476,4443,82206.0
2022-01-20,0.4505703422053232,3520,77925.0
2022-01-21,0.4525043177892919,4144,78813.0
2022-01-22,0.48792270531400966,2355,83299.0
2022-01-23,0.48361381753764393,3178,86467.0
2022-01-24,0.4886499402628435,2337,76252.0
2022-01-25,0.4179608372721134,5562,78279.0
2022-01-26,0.45441696113074204,4692,71395.0
2022-01-27,0.4652360515021459,4332,75176.0
2022-01-28,0.47517188693659285,3853,74757.0
2022-01-29,0.4693106704438149,3167,79671.0
2022-01-30,0.46372549019607845,3010,81034.0
2022-01-31,0.47128712871287126,3077,70241.0
2022-02-01,0.4472843450479233,3917,67963.0
2022-02-02,0.44036697247706424,3762,66223.0
2022-02-03,0.5,3380,65534.0
2022-02-04,0.5,2324,62825.0
2022-02-05,0.4704944178628389,1515,63288.0
2022-02-06,0.4343283582089552,1876,64503.0
2022-02-07,0.45414847161572053,4211,55130.0
2022-02-08,0.46453287197231835,3305,47002.0
2022-02-09,0.4324786324786325,3355,44542.0
2022-02-10,0.4511627906976744,2810,46062.0
2022-02-11,0.4683136412459721,2689,51023.0
2022-02-12,0.4645799011532125,1623,45287.0
2022-02-13,0.4424131627056673,1264,48228.0
2022-02-14,0.4831325301204819,2293,38864.0
2022-02-15,0.4838337182448037,2773,39330.0
2022-02-16,0.5115131578947368,1758,38478.0
2022-02-17,0.5027624309392266,2214,38786.0
2022-02-18,0.5266666666666666,1796,39012.0
2022-02-19,0.4666666666666667,1114,40476.0
2022-02-20,0.47375,2159,43177.0
2022-02-21,0.5447647951441578,1547,40187.0
2022-02-22,0.4970674486803519,1744,37439.0
2022-02-23,0.4456692913385827,1631,36421.0
2022-02-24,0.5046296296296297,1535,33864.0
2022-02-25,0.5154004106776181,1303,33457.0
2022-02-26,0.4746666666666667,987,34238.0
2022-02-27,0.4847715736040609,1124,35857.0
2022-02-28,0.46856465005931197,2354,36190.0
2022-03-01,0.5030674846625767,1817,33197.0
2022-03-02,0.5345622119815668,1888,31260.0
2022-03-03,0.4625228519195612,2832,28253.0
2022-03-04,0.5019011406844106,1416,26955.0
2022-03-05,0.47216035634743875,1132,31466.0
2022-03-06,0.46226415094339623,1305,34158.0
2022-03-07,0.4822485207100592,1699,30892.0
2022-03-08,0.4542897327707454,2007,30079.0
2022-03-09,0.46511627906976744,1810,30062.0
2022-03-10,0.4692400482509047,2180,29596.0
2022-03-11,0.5087976539589443,1867,29884.0
2022-03-12,0.46361746361746364,1033,32085.0
2022-03-13,0.4375,1191,33476.0
2022-03-14,0.4775510204081633,1198,29636.0
2022-03-15,0.4339378238341969,1941,28996.0
2022-03-16,0.41832669322709165,1337,28435.0
2022-03-17,0.5394088669950738,1199,28333.0
2022-03-18,0.48988439306358383,1907,28802.0
2022-03-19,0.44803695150115475,1078,30053.0
2022-03-20,0.5,1510,31722.0
2022-03-21,0.4909456740442656,1226,28908.0
2022-03-22,0.5191873589164786,1220,27864.0
2022-03-23,0.47832585949177875,1562,27282.0
2022-03-24,0.4755244755244755,1009,26371.0
2022-03-25,0.4883720930232558,1134,26628.0
2022-03-26,0.4895397489539749,1262,27581.0
2022-03-27,0.40756302521008403,1093,29360.0
2022-03-28,0.4651685393258427,1263,26256.0
2022-03-29,0.46886446886446886,1422,26692.0
2022-03-30,0.4348441926345609,1751,26006.0
2022-03-31,0.5367316341829086,1878,31612.0
2022-04-01,0.5504587155963303,1300,31447.0
2022-04-02,0.46153846153846156,972,35215.0
2022-04-03,0.5100806451612904,1228,37283.0
2022-04-04,0.55,1932,31208.0
2022-04-05,0.531055900621118,1794,30645.0
2022-04-06,0.5643564356435643,1215,29637.0
2022-04-07,0.5474683544303798,1503,31036.0
2022-04-08,0.5576036866359447,1682,32760.0
2022-04-09,0.5714285714285714,1320,36364.0
2022-04-10,0.5281803542673108,1623,37846.0
2022-04-11,0.4588235294117647,1175,31656.0
2022-04-12,0.5040783034257749,1563,30978.0
2022-04-13,0.49473684210526314,1633,30952.0
2022-04-14,0.46261089987325726,1707,30116.0
2022-04-15,0.48135593220338985,1284,31264.0
2022-04-16,0.5786618444846293,1150,30975.0
2022-04-17,0.45517241379310347,1656,31680.0
2022-04-18,0.5580357142857143,1139,30235.0
2022-04-19,0.5068493150684932,1214,28606.0
2022-04-20,0.4982517482517482,1438,28163.0
2022-04-21,0.508130081300813,1405,28512.0
2022-04-22,0.4877450980392157,1234,28110.0
2022-04-23,0.5401069518716578,852,29284.0
2022-04-24,0.4975609756097561,865,31087.0
2022-04-25,0.5052447552447552,1301,26529.0
2022-04-26,0.5258467023172906,1189,27070.0
2022-04-27,0.5011547344110855,915,26406.0
2022-04-28,0.49201741654571846,1889,25397.0
2022-04-29,0.5454545454545454,1114,25414.0
2022-04-30,0.5095693779904307,999,26700.0
2022-05-01,0.5297450424929179,804,28554.0
2022-05-02,0.44375,1303,25315.0
2022-05-03,0.506198347107438,1202,24170.0
2022-05-04,0.5437881873727087,1231,23889.0
2022-05-05,0.5506958250497018,1322,23387.0
2022-05-06,0.5128205128205128,854,23581.0
2022-05-07,0.5849802371541502,617,24631.0
2022-05-08,0.5109717868338558,756,25338.0
2022-05-09,0.5602240896358543,1034,23860.0
2022-05-10,0.5467625899280576,1146,23091.0
2022-05-11,0.4702842377260982,959,22280.0
2022-05-12,0.45410628019323673,592,22820.0
2022-05-13,0.5263157894736842,611,22663.0
2022-05-14,0.4981684981684982,622,23157.0
2022-05-15,0.5276073619631901,793,25507.0
2022-05-16,0.519163763066202,646,22978.0
2022-05-17,0.5075528700906344,779,22113.0
2022-05-18,0.5634328358208955,697,21165.0
2022-05-19,0.5854700854700855,731,21155.0
2022-05-20,0.4890282131661442,797,21247.0
2022-05-21,0.5121107266435986,602,21948.0
2022-05-22,0.4868913857677903,702,23526.0
2022-05-23,0.515695067264574,1017,21477.0
2022-05-24,0.5394190871369294,471,20922.0
2022-05-25,0.4854368932038835,755,20719.0
2022-05-26,0.49369747899159666,951,20991.0
2022-05-27,0.48502994011976047,1042,21528.0
2022-05-28,0.6,729,21286.0
2022-05-29,0.49736842105263157,690,23598.0
2022-05-30,0.43986254295532645,688,22989.0
2022-05-31,0.4651898734177215,855,21353.0
2022-06-01,0.5097402597402597,702,20226.0
2022-06-02,0.4782608695652174,989,20131.0
2022-06-03,0.48066298342541436,751,20034.0
2022-06-04,0.5023255813953489,459,20553.0
2022-06-05,0.5141242937853108,879,22738.0
2022-06-06,0.5698924731182796,555,21714.0
2022-06-07,0.5854430379746836,619,20597.0
2022-06-08,0.5700325732899023,687,19979.0
2022-06-09,0.5037406483790524,914,18972.0
2022-06-10,0.5121212121212121,724,18405.0
2022-06-11,0.4923547400611621,782,18862.0
2022-06-12,0.5751633986928104,871,20736.0
2022-06-13,0.5198019801980198,969,19726.0
2022-06-14,0.5544041450777202,934,19525.0
2022-06-15,0.568904593639576,621,18566.0
2022-06-16,0.5219298245614035,527,18813.0
2022-06-17,0.5255255255255256,995,17723.0
2022-06-18,0.5102040816326531,804,18019.0
2022-06-19,0.45723684210526316,764,18616.0
2022-06-20,0.4520547945205479,749,18963.0
2022-06-21,0.5207667731629393,615,17900.0
2022-06-22,0.5257731958762887,926,16216.0
2022-06-23,0.43478260869565216,984,16235.0
2022-06-24,0.4935400516795866,978,16865.0
2022-06-25,0.5,850,18223.0
2022-06-26,0.5220125786163522,736,19746.0
2022-06-27,0.5335365853658537,623,17396.0
2022-06-28,0.5404040404040404,1036,17089.0
2022-06-29,0.49226804123711343,852,16828.0
2022-06-30,0.5549019607843138,1177,16519.0
2022-07-01,0.5078864353312302,868,18995.0
2022-07-02,0.5425531914893617,635,19643.0
2022-07-03,0.5183823529411765,543,21393.0
2022-07-04,0.5238095238095238,746,20991.0
2022-07-05,0.5543710021321961,1192,17678.0
2022-07-06,0.5334928229665071,954,17368.0
2022-07-07,0.5047169811320755,1028,16654.0
2022-07-08,0.5777777777777777,799,16529.0
2022-07-09,0.5025641025641026,438,17341.0
2022-07-10,0.5498154981549815,677,18869.0
2022-07-11,0.5462962962962963,779,16942.0
2022-07-12,0.5478468899521531,960,16286.0
2022-07-13,0.5397196261682243,1092,16199.0
2022-07-14,0.5178082191780822,895,16249.0
2022-07-15,0.5107142857142857,625,16535.0
2022-07-16,0.4781021897810219,497,17498.0
2022-07-17,0.533678756476684,811,19115.0
2022-07-18,0.5477707006369427,1056,16996.0
2022-07-19,0.5855263157894737,1032,16539.0
2022-07-20,0.5266666666666666,1184,16263.0
2022-07-21,0.5363825363825364,1198,16209.0
2022-07-22,0.5103092783505154,836,17176.0
2022-07-23,0.47265625,698,17847.0
2022-07-24,0.5645933014354066,555,19575.0
2022-07-25,0.5224358974358975,772,17748.0
2022-07-26,0.47381546134663344,977,17583.0
2022-07-27,0.5377906976744186,900,17929.0
2022-07-28,0.45920303605313095,1326,24221.0
2022-07-29,0.48,1067,22868.0
2022-07-30,0.5145228215767634,1189,24394.0
2022-07-31,0.49537037037037035,1035,26677.0
2022-08-01,0.5814814814814815,1308,23753.0
2022-08-02,0.4900497512437811,943,23055.0
2022-08-03,0.4819672131147541,1390,21901.0
2022-08-04,0.5376106194690266,1053,21768.0
2022-08-05,0.5751503006012024,1317,21777.0
2022-08-06,0.5563549160671463,890,23836.0
2022-08-07,0.5026315789473684,897,25758.0
2022-08-08,0.5699152542372882,1168,22520.0
2022-08-09,0.551980198019802,1066,21684.0
2022-08-10,0.5926773455377574,922,22020.0
2022-08-11,0.625,780,21016.0
2022-08-12,0.5126050420168067,904,21824.0
2022-08-13,0.5416666666666666,588,22687.0
2022-08-14,0.5653266331658291,879,24492.0
2022-08-15,0.5417789757412399,967,21680.0
2022-08-16,0.5281385281385281,1127,21331.0
2022-08-17,0.5337078651685393,973,20976.0
2022-08-18,0.5930851063829787,913,21111.0
2022-08-19,0.5598802395209581,864,21905.0
2022-08-20,0.48773006134969327,838,23295.0
2022-08-21,0.5668316831683168,833,25435.0
2022-08-22,0.5256410256410257,907,21563.0
2022-08-23,0.5666003976143141,1273,21125.0
2022-08-24,0.5212121212121212,965,20177.0
2022-08-25,0.5286458333333334,1055,20405.0
2022-08-26,0.4835164835164835,1098,20543.0
2022-08-27,0.5384615384615384,913,22301.0
2022-08-28,0.5625,971,24353.0
2022-08-29,0.5450901803607214,1014,21468.0
2022-08-30,0.5435114503816794,1771,22331.0
2022-08-31,0.5149253731343284,1323,22236.0
2022-09-01,0.5321100917431193,1638,22242.0
2022-09-02,0.6092362344582594,1187,23977.0
2022-09-03,0.5,1744,27591.0
2022-09-04,0.5409604519774012,1941,31587.0
2022-09-05,0.5243589743589744,2217,33173.0
2022-09-06,0.6023564064801178,2001,30000.0
2022-09-07,0.5634715025906736,2054,30489.0
2022-09-08,0.5388692579505301,1644,30156.0
2022-09-09,0.5994020926756353,1801,31953.0
2022-09-10,0.5480225988700564,1684,36621.0
2022-09-11,0.5641025641025641,2149,41256.0
2022-09-12,0.5498442367601246,1787,36162.0
2022-09-13,0.5873715124816447,1960,35426.0
2022-09-14,0.5856515373352855,2134,34657.0
2022-09-15,0.5574229691876751,2395,34169.0
2022-09-16,0.5924528301886792,1437,34673.0
2022-09-17,0.5345699831365935,1590,39144.0
2022-09-18,0.6122047244094488,1456,42878.0
2022-09-19,0.5562805872756933,1695,38178.0
2022-09-20,0.5595567867036011,2310,37022.0
2022-09-21,0.5358649789029536,2070,36445.0
2022-09-22,0.5493421052631579,1565,34626.0
2022-09-23,0.5076071922544951,1801,35811.0
2022-09-24,0.5319548872180451,1482,40239.0
2022-09-25,0.5864811133200796,1576,45754.0
2022-09-26,0.5289139633286318,1935,39945.0
2022-09-27,0.5538461538461539,2629,39340.0
2022-09-28,0.5385450597176982,3057,38349.0
2022-09-29,0.5432098765432098,1461,39049.0
2022-09-30,0.5241157556270096,1889,39438.0
2022-10-01,0.512720156555773,1530,44257.0
2022-10-02,0.6104651162790697,1840,48297.0
2022-10-03,0.5959339263024143,2366,40667.0
2022-10-04,0.5616113744075829,2861,39184.0
2022-10-05,0.5407303370786517,1834,40384.0
2022-10-06,0.51621271076524,2136,38992.0
2022-10-07,0.5838068181818182,1791,39248.0
2022-10-08,0.5390946502057613,1129,42653.0
2022-10-09,0.5367892976588629,1588,45227.0
2022-10-10,0.5721311475409836,1670,41175.0
2022-10-11,0.5393586005830904,1838,38431.0
2022-10-12,0.5402124430955993,1960,38753.0
2022-10-13,0.5269565217391304,1610,37565.0
2022-10-14,0.5663430420711975,1589,37698.0
2022-10-15,0.5057283142389526,1895,41950.0
2022-10-16,0.5760869565217391,1409,45639.0
2022-10-17,0.5124378109452736,2219,39695.0
2022-10-18,0.47937671860678277,3618,65171.0
2022-10-19,0.5459057071960298,2984,61595.0
2022-10-20,0.5951704545454546,2583,58743.0
2022-10-21,0.5821325648414986,2309,58755.0
2022-10-22,0.5438311688311688,1924,63687.0
2022-10-23,0.5193798449612403,2183,69785.0
2022-10-24,0.5668789808917197,2623,58966.0
2022-10-25,0.5287009063444109,2355,57358.0
2022-10-26,0.5174537987679672,3719,53934.0
2022-10-27,0.5258724428399518,2805,51801.0
2022-10-28,0.5449804432855281,2597,50162.0
2022-10-29,0.5440251572327044,1661,53509.0
2022-10-30,0.5765765765765766,2065,57982.0
2022-10-31,0.5130208333333334,2249,48301.0
2022-11-01,0.5111821086261981,2948,48507.0
2022-11-02,0.5136094674556213,3585,119390.0
2022-11-03,0.5513513513513514,2666,108689.0
2022-11-04,0.5429638854296388,2546,112710.0
2022-11-05,0.575113808801214,2254,123169.0
2022-11-06,0.5378031383737518,2011,137755.0
2022-11-07,0.5494367959949937,2562,116636.0
2022-11-08,0.606020942408377,2467,111911.0
2022-11-09,0.5726027397260274,2540,105223.0
2022-11-10,0.5332369942196532,2663,103243.0
2022-11-11,0.5642965204236006,1913,108185.0
2022-11-12,0.5509838998211091,1959,115149.0
2022-11-13,0.4744525547445255,1970,121904.0
2022-11-14,0.5352112676056338,2261,104328.0
2022-11-15,0.5411436541143654,2553,104310.0
2022-11-16,0.530373831775701,3191,87455.0
2022-11-17,0.552054794520548,2250,84558.0
2022-11-18,0.5350500715307582,2154,84965.0
2022-11-19,0.5018181818181818,1497,92181.0
2022-11-20,0.6070763500931099,1607,97193.0
2022-11-21,0.5827586206896552,1908,81153.0
2022-11-22,0.5342960288808665,2641,78454.0
2022-11-23,0.5772946859903382,2345,75968.0
2022-11-24,0.5964285714285714,1548,72150.0
2022-11-25,0.5527831094049904,1468,78618.0
2022-11-26,0.5345528455284553,1311,81886.0
2022-11-27,0.5108695652173914,1877,86904.0
2022-11-28,0.5769230769230769,2196,74396.0
2022-11-29,0.5464071856287425,2163,70442.0
2022-11-30,0.5564387917329093,1779,65618.0
2022-12-01,0.530635838150289,2916,64567.0
2022-12-02,0.565587734241908,1761,65280.0
2022-12-03,0.5603715170278638,1902,71482.0
2022-12-04,0.5115131578947368,1801,74228.0
2022-12-05,0.5353675450762829,2151,63236.0
2022-12-06,0.4804270462633452,2198,59978.0
2022-12-07,0.5230769230769231,2547,59696.0
2022-12-08,0.5169270833333334,1954,53058.0
2022-12-09,0.4851116625310174,2136,55542.0
2022-12-10,0.5285714285714286,1282,59505.0
2022-12-11,0.48928571428571427,1360,64919.0
2022-12-12,0.5246826516220028,1916,55361.0
2022-12-13,0.5921696574225123,1570,53125.0
2022-12-14,0.532695374800638,1612,49282.0
2022-12-15,0.563973063973064,1394,49533.0
2022-12-16,0.547808764940239,1060,52867.0
2022-12-17,0.5690721649484536,1154,59514.0
2022-12-18,0.5653846153846154,1166,63196.0
2022-12-19,0.5373913043478261,1515,53324.0
2022-12-20,0.595903165735568,1321,53501.0
2022-12-21,0.538971807628524,1580,51278.0
2022-12-22,0.5139573070607554,1593,50944.0
2022-12-23,0.5519287833827893,759,51163.0
2022-12-24,0.5745762711864407,1461,43060.0
2022-12-25,0.5318559556786704,816,45133.0
2022-12-26,0.5808823529411765,603,51430.0
2022-12-27,0.519327731092437,1434,50974.0
2022-12-28,0.524896265560166,1165,49115.0
2022-12-29,0.5,1315,48607.0
2022-12-30,0.4730941704035874,1046,48339.0
2022-12-31,0.51985559566787,660,41864.0
2023-01-01,0.584375,640,48588.0
2023-01-02,0.5552407932011332,706,49950.0
2023-01-03,0.484472049689441,644,45178.0
2023-01-04,0.5771543086172345,998,43835.0
2023-01-05,0.5038167938931297,786,43207.0
2023-01-06,0.5134228187919463,596,44337.0
2023-01-07,0.4690909090909091,550,47162.0
2023-01-08,0.5206611570247934,484,48611.0
2023-01-09,0.5746527777777778,1152,41038.0
2023-01-10,0.5437062937062938,1144,42818.0
2023-01-11,0.4549019607843137,1020,38749.0
2023-01-12,0.47112462006079026,658,37527.0
2023-01-13,0.5813253012048193,664,38127.0
2023-01-14,0.5807692307692308,520,41742.0
2023-01-15,0.6108597285067874,442,42994.0
2023-01-16,0.532258064516129,868,38524.0
2023-01-17,0.5575221238938053,678,35143.0
2023-01-18,0.45686900958466453,626,34268.0
2023-01-19,0.5194805194805194,616,32785.0
2023-01-20,0.5576923076923077,832,33131.0
2023-01-21,0.4838709677419355,682,35765.0
2023-01-22,0.573943661971831,568,38223.0
2023-01-23,0.5452054794520548,730,31572.0
2023-01-24,0.5381062355658198,866,31884.0
2023-01-25,0.4722222222222222,720,30867.0
2023-01-26,0.5755395683453237,556,30541.0
2023-01-27,0.5866141732283464,508,30748.0
2023-01-28,0.5284552845528455,492,33940.0
2023-01-29,0.5059880239520959,668,36421.0
2023-01-30,0.5904761904761905,630,30851.0
2023-01-31,0.5511811023622047,762,30231.0
2023-02-01,0.49814126394052044,538,28640.0
2023-02-02,0.4175152749490835,982,27839.0
2023-02-03,0.5339805825242718,412,28361.0
2023-02-04,0.6138613861386139,404,30953.0
2023-02-05,0.6062992125984252,508,32988.0
2023-02-06,0.5670886075949367,790,26796.0
2023-02-07,0.46153846153846156,572,26807.0
2023-02-08,0.4880174291938998,918,26032.0
2023-02-09,0.521865889212828,686,25586.0
2023-02-10,0.4973821989528796,382,25742.0
2023-02-11,0.4691358024691358,486,27013.0
2023-02-12,0.6493506493506493,308,28392.0
2023-02-13,0.5523465703971119,554,24491.0
2023-02-14,0.5339366515837104,442,22881.0
2023-02-15,0.5362903225806451,496,23128.0
2023-02-16,0.49728260869565216,736,22615.0
2023-02-17,0.4703196347031963,438,23585.0
2023-02-18,0.6046511627906976,258,24724.0
2023-02-19,0.45390070921985815,282,26230.0
2023-02-20,0.5412844036697247,436,24564.0
2023-02-21,0.45726495726495725,468,24429.0
2023-02-22,0.5266272189349113,1352,23765.0
2023-02-23,0.5345911949685535,954,22580.0
2023-02-24,0.5331230283911672,1268,22408.0
2023-02-25,0.5431034482758621,696,24251.0
2023-02-26,0.5412087912087912,728,25347.0
2023-02-27,0.5595567867036011,722,21961.0
2023-02-28,0.6298701298701299,308,21575.0
